{
"lengthUnit": "mil",
"remark": [],
"components": {
	"fields": ["COMPONENT_NO", "COMPONENT_NAME", "LAYER", "X_COORDINATE", "Y_COORDINATE", "ANGLE"],
	"rows": [
		[1, "C1", "T", -17.237, 120.393, 90],
		[2, "D2", "T", 152.763, 208.582, 0],
		[3, "R1", "T", 322.763, 120.589, 270],
		[4, "SW2", "T", 155, 410, 180],
		[5, "U1", "T", 154.731, 120, 180],
		[6, "PAD1", "T", 20.003, 275.002, 0],
		[7, "PAD1", "B", 20.003, 275.002, 0],
		[8, "PAD2", "T", 290.003, 275.002, 0],
		[9, "PAD2", "B", 290.003, 275.002, 0],
		[10, "PAD3", "T", 115.363, 120.002, 0],
		[11, "PAD3", "B", 115.363, 120.002, 0],
		[12, "PAD4", "T", 194.103, 120.002, 0],
		[13, "PAD4", "B", 194.103, 120.002, 0],
		[14, "PAD5", "T", -17.237, 147.952, 0],
		[15, "PAD6", "T", -17.237, 92.832, 0],
		[16, "PAD7", "T", 322.763, 90.932, 0],
		[17, "PAD8", "T", 322.763, 150.242, 0],
		[18, "PAD9", "T", 233.743, 303.702, 0],
		[19, "PAD10", "T", 155.003, 303.702, 0],
		[20, "PAD11", "T", 76.263, 303.702, 0],
		[21, "PAD12", "T", 233.743, 516.302, 0],
		[22, "PAD13", "T", 155.003, 516.302, 0],
		[23, "PAD14", "T", 76.263, 516.302, 0],
		[24, "PAD15", "T", 221.073, 208.582, 0],
		[25, "PAD16", "T", 84.453, 208.582, 0]
	]
},
"pins": {
	"fields": ["PIN_NO", "PIN_NAME", "PIN_X", "PIN_Y", "LAYER", "PIN_TYPE", "NET_NAME", "NET_TYPE", "PAD_SHAPE", "PAD_SIZEX", "PAD_SIZEY", "HOLE_SIZE", "HOLE_LEN", "PAD_ANGLE"],
	"rows": [
		[1, "C1_1", -17.237, 92.832, "T", "SMD", "R1_2", "", "R", 31.496, 35.433, 0, 0, 90],
		[2, "C1_2", -17.237, 147.952, "T", "SMD", "VCC", "", "R", 31.496, 35.433, 0, 0, 90],
		[3, "D2_1", 84.453, 208.582, "T", "SMD", "GND", "GND", "R", 55.118, 47.244, 0, 0, 0],
		[4, "D2_2", 221.073, 208.582, "T", "SMD", "VCC", "", "R", 55.118, 47.244, 0, 0, 0],
		[5, "R1_1", 322.763, 150.242, "T", "SMD", "GND", "GND", "R", 31.751, 34.016, 0, 0, 270],
		[6, "R1_2", 322.763, 90.932, "T", "SMD", "R1_2", "", "R", 31.751, 34.016, 0, 0, 270],
		[7, "SW2_1", 233.743, 303.702, "T", "SMD", "VCC", "", "R", 39.37, 47.244, 0, 0, 180],
		[8, "SW2_2", 155.003, 303.702, "T", "SMD", "M_A", "", "R", 39.37, 47.244, 0, 0, 180],
		[9, "SW2_3", 76.263, 303.702, "T", "SMD", "GND", "GND", "R", 39.37, 47.244, 0, 0, 180],
		[10, "SW2_4", 233.743, 516.302, "T", "SMD", "GND", "GND", "R", 39.37, 47.244, 0, 0, 180],
		[11, "SW2_5", 155.003, 516.302, "T", "SMD", "M_B", "", "R", 39.37, 47.244, 0, 0, 180],
		[12, "SW2_6", 76.263, 516.302, "T", "SMD", "VCC", "", "R", 39.37, 47.244, 0, 0, 180],
		[13, "U1_1", 115.363, 120.002, "T", "DIP", "VCC", "", "R", 59.055, 55.118, 33.464, 33.464, 180],
		[14, "U1_1", 115.363, 120.002, "B", "DIP", "VCC", "", "R", 59.055, 55.118, 33.464, 33.464, 180],
		[15, "U1_2", 194.103, 120.002, "T", "DIP", "GND", "GND", "C", 55.118, 55.118, 33.464, 33.464, 180],
		[16, "U1_2", 194.103, 120.002, "B", "DIP", "GND", "GND", "C", 55.118, 55.118, 33.464, 33.464, 180],
		[17, "PAD1_4", 20.003, 275.002, "T", "DIP", "M_A", "", "O", 39.37, 118.11, 39.37, 118.11, 180],
		[18, "PAD1_4", 20.003, 275.002, "B", "DIP", "M_A", "", "O", 39.37, 118.11, 39.37, 118.11, 180],
		[19, "PAD2_4", 290.003, 275.002, "T", "DIP", "M_B", "", "O", 39.37, 118.11, 39.37, 118.11, 180],
		[20, "PAD2_4", 290.003, 275.002, "B", "DIP", "M_B", "", "O", 39.37, 118.11, 39.37, 118.11, 180],
		[21, "PAD3_1", 115.363, 120.002, "T", "DIP", "VCC", "", "R", 59.055, 55.118, 33.464, 33.464, 180],
		[22, "PAD3_1", 115.363, 120.002, "B", "DIP", "VCC", "", "R", 59.055, 55.118, 33.464, 33.464, 180],
		[23, "PAD4_2", 194.103, 120.002, "T", "DIP", "GND", "GND", "C", 55.118, 55.118, 33.464, 33.464, 180],
		[24, "PAD4_2", 194.103, 120.002, "B", "DIP", "GND", "GND", "C", 55.118, 55.118, 33.464, 33.464, 180],
		[25, "PAD5_2", -17.237, 147.952, "T", "SMD", "VCC", "", "R", 31.496, 35.433, 0, 0, 90],
		[26, "PAD6_1", -17.237, 92.832, "T", "SMD", "R1_2", "", "R", 31.496, 35.433, 0, 0, 90],
		[27, "PAD7_2", 322.763, 90.932, "T", "SMD", "R1_2", "", "R", 31.751, 34.016, 0, 0, 270],
		[28, "PAD8_1", 322.763, 150.242, "T", "SMD", "GND", "GND", "R", 31.751, 34.016, 0, 0, 270],
		[29, "PAD9_1", 233.743, 303.702, "T", "SMD", "VCC", "", "R", 39.37, 47.244, 0, 0, 180],
		[30, "PAD10_2", 155.003, 303.702, "T", "SMD", "M_A", "", "R", 39.37, 47.244, 0, 0, 180],
		[31, "PAD11_3", 76.263, 303.702, "T", "SMD", "GND", "GND", "R", 39.37, 47.244, 0, 0, 180],
		[32, "PAD12_4", 233.743, 516.302, "T", "SMD", "GND", "GND", "R", 39.37, 47.244, 0, 0, 180],
		[33, "PAD13_5", 155.003, 516.302, "T", "SMD", "M_B", "", "R", 39.37, 47.244, 0, 0, 180],
		[34, "PAD14_6", 76.263, 516.302, "T", "SMD", "VCC", "", "R", 39.37, 47.244, 0, 0, 180],
		[35, "PAD15_2", 221.073, 208.582, "T", "SMD", "VCC", "", "R", 55.118, 47.244, 0, 0, 0],
		[36, "PAD16_1", 84.453, 208.582, "T", "SMD", "GND", "GND", "R", 55.118, 47.244, 0, 0, 0]
	]
}
}